	910935	910934	910919	910918	949088	906832	906842	1297449	907063	1327765	1327768	1327769	1327773	907274	907799	1330982	1330984	1659819	910861	1331030	1331032	1331033	1331034	1331035	1331036	1331037	1331038	1331045	909773	1331048	1331050	906807	1303897	1330995	910930
AKAP9_mut	0	0	0	0	0	0	0	0	0	0	0	0	1	0	0	0	0	0	0	0	0	0	0	0	0	0	0	0	0	0	0	0	0	0	0
ARID1A_mut	0	0	0	0	0	0	0	0	0	0	0	1	0	1	0	0	1	0	0	0	0	0	0	0	0	0	0	0	0	0	0	0	0	0	0
ASXL2_mut	0	0	0	0	0	0	0	0	0	0	0	0	0	0	0	0	0	0	0	0	0	0	1	0	0	0	0	0	0	0	0	0	0	0	0
B2M_mut	1	0	0	0	0	0	0	0	0	0	0	0	1	0	0	0	0	0	0	0	0	0	0	0	0	0	0	0	0	0	0	0	0	0	0
CREBBP_mut	0	0	0	0	0	0	1	1	0	0	0	0	0	1	0	0	1	0	0	1	0	0	0	0	0	1	0	0	0	1	1	0	0	0	0
EP300_mut	0	0	0	0	0	0	0	1	1	0	0	0	0	1	0	0	0	0	1	0	0	1	0	0	0	1	0	0	0	0	0	0	0	0	0
MLL2_mut	0	0	1	0	1	1	0	0	0	0	1	0	0	0	0	1	1	0	0	1	0	0	0	0	0	1	1	1	0	0	0	0	0	0	0
MYC_mut	0	0	0	0	0	0	0	0	0	0	1	0	0	0	0	1	0	0	0	0	0	0	0	0	0	0	0	0	0	0	0	0	0	0	0
PTEN_mut	0	0	0	1	0	0	0	0	0	0	0	0	0	1	0	0	0	0	1	0	0	1	0	0	1	0	0	0	1	0	0	0	0	0	0
RB1_mut	0	0	0	1	0	0	0	0	0	0	0	0	0	0	0	0	0	0	0	0	0	0	0	0	0	0	0	0	0	0	0	0	0	0	0
RNF43_mut	0	0	0	0	0	0	0	0	0	0	0	0	0	0	0	0	0	0	0	0	0	0	0	0	0	0	0	0	1	0	0	0	0	0	0
TP53_mut	0	1	0	0	0	1	0	1	1	1	0	0	0	1	1	1	0	1	1	1	1	1	1	1	0	1	1	1	1	0	1	0	0	0	0
loss:cnaDLBC1 (CIITA)	0	0	0	0	0	0	0	1	0	0	0	0	1	0	0	0	0	0	0	0	0	0	0	0	0	0	0	0	0	0	0	0	0	0	0
loss:cnaDLBC2	0	1	1	1	0	0	0	0	0	0	0	1	0	0	0	0	0	0	0	0	0	0	0	0	0	0	0	0	0	0	0	0	0	0	0
loss:cnaDLBC4 (CDKN2A)	1	0	0	1	1	0	1	1	0	0	1	0	1	0	0	0	1	0	0	0	0	0	0	0	0	0	0	0	0	0	0	0	1	0	0
loss:cnaDLBC5	0	0	0	0	0	0	0	0	0	0	1	0	0	0	0	0	0	0	0	0	0	0	0	0	0	0	0	0	0	0	0	0	0	1	0
loss:cnaDLBC6	0	0	0	0	0	0	0	0	0	0	0	0	1	0	0	0	0	0	0	0	0	0	0	0	0	0	0	0	0	0	1	0	0	0	0
gain:cnaDLBC7 (BCL11A,REL,XPO1)	0	0	0	0	0	0	0	0	1	0	0	0	0	0	0	0	0	0	0	0	0	0	0	0	0	0	0	0	0	0	0	0	0	0	0
chr19:21265164-21265433(ZNF714)_HypMET	1	0	1	0	1	1	1	1	1	0	1	0	1	0	1	1	0	0	0	0	1	1	0	0	1	1	0	1	1	1	1	1	0	1	1
chr22:24384134-24384405(GSTT1)_HypMET	0	0	1	0	1	1	1	1	0	1	1	0	1	1	1	1	0	0	1	0	1	0	0	1	1	0	1	1	1	0	0	1	0	1	1
chr17:44656490-44657494(ARL17A)_HypMET	0	0	1	1	0	0	1	1	1	0	1	1	1	1	1	1	0	0	1	0	1	1	1	0	1	1	1	1	1	1	1	1	0	0	1
chr8:67344497-67344989(RRS1)_HypMET	1	1	1	1	1	1	1	1	1	1	1	1	1	1	1	1	1	0	1	0	1	1	1	1	1	1	1	1	1	1	1	1	0	1	1
chr1:110230238-110230614(GSTM1)_HypMET	0	0	0	1	1	1	1	1	0	1	1	0	0	1	1	0	0	0	1	0	1	1	0	1	1	0	1	1	1	0	0	1	0	1	1
chr14:24803678-24804353(ADCY4, RIPK3)_HypMET	1	1	1	0	1	1	1	1	1	0	0	1	1	1	1	1	1	0	1	0	1	1	1	1	1	1	1	1	1	1	1	1	0	1	1
chr3:99594969-99595215(C3orf26, FILIP1L, MIR548G)_HypMET	0	1	1	0	0	0	1	0	0	0	0	1	0	0	1	0	0	0	0	0	1	1	0	0	1	0	1	0	1	0	0	1	0	1	1
chr6:291948-292839(DUSP22)_HypMET	0	0	0	0	1	1	0	0	1	0	0	0	0	0	1	1	0	0	1	0	0	1	0	0	0	1	1	0	1	1	0	0	0	0	1
chr8:144659745-144660635(NAPRT1)_HypMET	1	1	1	0	1	0	1	0	1	0	0	1	1	1	1	1	0	0	1	0	1	0	0	0	1	0	1	1	0	1	0	1	0	1	1
chr19:53662189-53662500(ZNF347)_HypMET	0	1	1	0	1	1	1	1	0	0	1	1	0	0	1	0	1	0	1	0	1	1	1	1	0	0	1	0	1	1	0	1	0	1	1
chr19:58458686-58459219(ZNF256)_HypMET	0	0	1	0	1	1	1	1	0	0	1	1	1	1	1	1	0	0	0	0	0	1	0	1	0	1	1	0	1	1	0	1	0	1	1
chr1:181451311-181452049()_HypMET	0	0	1	0	1	1	1	0	1	1	1	1	1	1	1	1	1	0	1	0	1	1	0	1	1	1	1	1	1	1	1	1	0	1	1
chr3:139258152-139258731(RBP1)_HypMET	0	1	1	0	1	1	1	1	1	0	1	1	1	1	1	1	1	0	1	0	1	1	1	1	1	1	1	1	1	1	1	1	0	1	1
chr8:11058624-11058844(XKR6)_HypMET	1	0	0	1	1	0	0	0	0	0	1	0	0	1	0	0	1	0	0	0	0	0	0	0	0	0	0	0	1	0	0	0	0	0	1
chr15:30685087-30685891(CHRFAM7A)_HypMET	1	1	1	0	1	1	1	1	0	1	1	1	1	1	1	1	1	0	1	0	1	1	0	1	1	1	1	1	0	1	1	1	1	1	1
chr18:77905297-77905566(LOC100130522)_HypMET	1	1	1	1	1	0	1	1	0	0	1	1	1	1	1	1	0	0	1	0	1	1	1	1	1	1	1	1	1	0	1	1	0	1	1
chr16:56659107-56659660(MT1E)_HypMET	0	1	1	0	1	1	1	1	1	0	1	1	1	1	1	1	1	0	1	0	1	1	1	1	1	1	1	1	0	1	1	1	0	1	1
chr20:42543097-42545137(TOX2)_HypMET	0	0	1	1	1	1	1	0	1	0	1	1	1	1	1	1	1	0	1	0	1	1	1	1	1	1	1	1	1	1	1	1	0	1	1
chr21:47602431-47602740(C21orf56)_HypMET	0	0	1	0	0	1	0	1	0	0	1	0	0	0	0	0	0	0	0	0	0	0	1	0	0	0	1	0	0	0	1	0	0	0	0
