	753531	753532	753535	1290724	1240121	1290725	1240122	753538	910916	753541	906837	910936	906863	907059	924111	753561	753562	907061	907062	1240161	1240162	1298156	1298215	753570	753583	1298362	1240196	1240204	1298529	1240205	1298531	1240206	1240207	909708	1299050	910911	910701	910904	909709	1299052	1299059	909700
APC_mut	0	1	0	0	0	0	0	0	0	0	0	0	0	0	0	0	0	0	0	0	0	0	0	0	0	0	0	0	0	0	0	0	0	0	0	0	0	0	0	0	0	0
ATM_mut	0	0	0	0	0	0	0	0	0	0	0	0	0	0	0	0	0	0	0	1	0	0	0	0	0	0	0	0	0	0	0	0	0	0	0	0	0	0	0	0	0	0
BPTF_mut	0	0	0	0	0	0	0	0	0	0	0	0	0	0	0	0	0	0	0	0	0	0	0	0	0	0	0	1	0	0	0	0	0	0	0	0	0	0	0	0	0	0
CASP8_mut	0	1	0	0	0	0	0	0	1	1	0	0	0	0	0	0	1	1	0	0	0	0	0	0	1	0	0	0	0	0	0	0	0	0	0	0	0	0	0	0	0	0
CDKN2A_mut	0	0	0	0	0	0	0	0	1	1	0	0	1	0	0	0	1	1	1	0	0	0	0	0	1	0	0	0	0	1	0	0	0	0	0	0	0	1	0	0	0	0
CREBBP_mut	0	0	0	0	0	0	0	0	0	0	0	0	0	0	0	0	1	0	0	0	0	0	0	0	0	0	0	0	0	0	0	0	0	0	0	0	0	0	0	0	0	0
DDX3X_mut	0	0	0	0	0	0	0	0	0	0	0	0	0	0	0	0	0	0	0	0	0	0	0	0	0	0	0	0	0	0	0	0	1	0	0	0	0	0	0	0	0	0
EP300_mut	1	0	0	0	0	0	0	0	0	0	0	0	0	0	0	0	0	0	0	0	0	0	0	0	0	0	0	0	0	0	0	0	0	0	0	0	0	0	0	0	0	0
FAT1_mut	0	0	1	0	0	0	0	0	0	1	0	0	1	0	1	1	0	1	0	0	0	0	0	0	0	1	0	0	0	0	0	0	0	0	0	0	0	0	0	0	0	0
FBXW7_mut	0	0	0	0	0	0	1	0	0	0	0	0	0	0	0	0	0	0	0	0	0	0	0	0	0	0	0	0	0	0	0	0	0	0	0	0	0	0	0	0	0	0
HLA-A_mut	0	0	0	0	0	0	0	0	1	0	0	0	0	0	0	0	1	0	0	0	0	0	0	0	0	0	0	0	0	0	0	0	0	1	0	0	0	0	0	0	0	0
HLA-B_mut	0	0	0	1	0	0	0	0	0	0	0	0	0	0	0	0	0	0	0	0	0	0	0	0	0	0	0	0	0	0	0	0	0	0	0	0	0	0	0	0	0	0
HRAS_mut	0	1	0	0	0	0	0	0	0	0	0	0	0	0	0	0	0	0	0	0	0	0	0	0	0	0	0	0	0	0	0	0	0	0	0	0	0	0	0	0	0	0
KDM6A_mut	0	0	0	0	0	0	0	0	0	0	0	0	0	0	0	0	0	0	0	0	0	0	1	0	0	0	0	0	0	0	0	0	0	0	0	0	0	0	0	0	0	0
MLL2_mut	0	0	0	0	0	0	0	0	0	0	0	0	0	0	0	0	0	0	0	0	0	0	0	0	0	0	0	0	0	0	0	0	0	0	0	0	1	0	0	0	0	0
MYH9_mut	0	0	0	0	0	0	0	0	0	0	0	0	0	0	0	0	0	0	0	1	0	0	0	0	0	0	0	0	0	0	0	0	0	0	0	0	0	0	0	0	0	0
NFE2L2_mut	0	1	0	0	0	0	0	0	0	0	0	0	0	0	0	1	0	0	0	0	0	0	0	0	1	0	0	0	0	0	0	0	0	0	0	0	0	0	0	0	0	0
NOTCH1_mut	0	0	0	0	0	0	0	0	0	0	0	1	0	0	0	0	0	1	0	0	0	0	0	0	0	0	0	1	0	0	0	0	0	0	0	0	0	0	0	0	0	0
NSD1_mut	0	0	0	0	0	0	0	0	0	0	0	0	0	1	0	0	0	0	0	0	0	0	0	0	0	0	0	0	0	0	0	0	0	0	0	0	0	1	1	0	1	0
PBRM1_mut	0	0	0	0	0	0	0	0	0	0	0	0	0	0	0	0	0	0	0	0	0	0	0	0	0	0	0	0	0	0	0	0	0	0	1	0	0	0	0	0	0	0
PIK3CA_mut	0	1	0	1	0	0	0	0	0	1	1	0	0	0	0	0	1	0	1	0	0	1	0	0	0	0	1	0	0	0	0	0	0	0	0	0	0	0	0	0	0	0
PTEN_mut	0	0	0	0	0	0	0	0	0	0	0	0	0	0	0	0	0	0	1	0	0	0	0	0	0	0	0	0	0	0	0	0	0	0	0	0	0	0	0	1	0	0
RASA1_mut	0	0	0	0	0	0	0	0	0	0	0	0	0	0	0	0	0	0	0	0	0	0	0	0	0	0	0	0	0	0	0	0	1	0	0	0	0	0	0	0	0	0
RHOA_mut	0	0	0	0	0	0	0	0	0	0	0	0	0	0	0	0	0	0	0	0	0	0	0	1	0	0	0	0	0	0	0	0	0	0	0	0	0	0	0	0	0	0
SMAD4_mut	1	0	0	0	0	1	0	0	1	1	0	0	0	0	0	0	0	1	0	0	0	0	0	0	0	0	0	0	0	0	1	0	0	0	0	0	0	0	0	0	0	0
SPTAN1_mut	0	0	0	0	0	0	0	0	0	0	0	0	1	0	0	0	1	0	0	0	0	0	0	0	0	0	0	0	0	0	0	0	0	0	0	0	0	0	0	0	0	0
TCF12_mut	0	0	0	0	0	0	0	0	0	0	0	0	0	0	0	0	0	0	0	0	0	0	0	0	0	0	0	0	1	0	0	0	0	0	0	0	0	0	0	0	0	0
TP53_mut	1	0	1	0	1	0	1	1	1	1	1	1	1	1	1	1	1	1	1	1	1	1	1	1	1	1	1	1	1	1	1	1	1	1	1	1	1	1	1	0	1	0
gain:cnaHNSC1 (ACTB,CARD11,PMS2,RAC1)	0	0	0	0	0	1	0	0	0	0	1	1	0	0	0	0	0	0	1	0	0	0	0	0	0	1	1	0	0	1	1	0	0	0	0	0	0	0	0	0	0	0
gain:cnaHNSC2 (EGFR)	0	0	0	0	0	0	0	1	0	0	0	1	1	1	0	0	1	0	1	0	0	0	0	1	0	1	0	1	0	0	1	0	0	0	0	1	0	0	0	0	0	0
loss:cnaHNSC3	1	0	0	1	0	0	0	0	0	0	0	0	0	0	0	0	0	0	0	0	0	0	0	0	0	0	0	0	0	0	0	0	0	0	0	0	1	0	0	0	0	0
gain:cnaHNSC4	0	0	0	0	0	0	0	0	0	0	0	0	0	0	0	0	0	0	0	0	0	0	0	0	0	0	0	1	0	0	0	0	0	0	0	0	0	0	0	0	0	0
gain:cnaHNSC5 (MYC)	0	0	0	0	0	0	0	0	0	0	0	0	0	0	0	0	0	0	0	0	0	0	0	0	0	0	0	1	0	0	0	0	0	0	0	0	0	0	0	0	0	0
loss:cnaHNSC6	1	1	1	1	1	1	0	0	1	1	0	0	1	0	0	0	1	1	0	0	1	0	1	0	1	0	0	0	0	1	0	1	0	0	0	0	1	0	0	0	1	0
gain:cnaHNSC8	0	0	0	0	0	0	0	0	0	0	0	0	0	1	0	0	0	0	0	0	0	0	0	0	0	1	1	0	0	1	0	0	0	0	0	0	0	0	0	0	0	0
gain:cnaHNSC9 (FANCG)	0	0	0	0	0	0	0	0	0	0	0	1	0	0	0	0	0	0	0	0	0	0	0	0	0	0	0	0	0	0	0	0	0	0	0	0	0	0	1	0	0	0
loss:cnaHNSC11 (CDKN2A)	0	1	1	1	0	1	1	1	0	0	0	0	0	1	0	0	0	0	0	0	0	1	1	0	0	0	0	0	0	0	1	1	1	0	0	0	1	0	1	0	1	0
gain:cnaHNSC14 (ASXL1)	0	0	1	0	0	0	0	0	0	0	0	1	0	0	0	0	0	0	1	0	0	0	1	0	0	1	0	1	0	0	0	0	0	0	0	0	0	0	0	0	0	0
gain:cnaHNSC15 (NR2F2,PCSK6)	0	0	0	0	0	0	0	0	0	0	0	0	1	0	0	0	0	0	0	0	0	0	0	0	0	0	0	0	0	0	0	0	0	0	0	0	0	0	0	0	0	0
gain:cnaHNSC17 (CCND1,CTTN)	0	0	1	0	1	1	0	0	0	0	1	0	1	0	0	0	0	0	1	1	1	0	0	1	0	1	0	1	1	1	0	0	1	0	0	1	1	1	0	0	0	0
loss:cnaHNSC19 (MED17)	0	0	0	1	1	1	0	0	0	0	0	0	0	0	0	0	0	0	0	0	0	0	0	0	0	0	0	0	1	0	0	0	0	0	0	0	1	0	0	0	0	0
loss:cnaHNSC20	1	0	1	1	1	1	0	1	1	1	0	1	1	0	0	1	1	1	0	0	1	0	0	0	0	0	1	1	0	0	0	0	1	1	1	0	0	0	0	0	0	0
gain:cnaHNSC21 (MCM3)	0	0	0	0	0	0	0	0	0	0	0	0	0	0	0	0	0	1	0	0	0	0	0	0	0	1	0	1	0	0	0	0	0	0	0	0	0	0	0	0	0	0
gain:cnaHNSC22	0	0	0	0	0	0	0	0	0	0	0	0	0	0	0	0	0	0	0	0	0	0	0	0	0	0	0	0	1	0	0	0	0	0	0	0	0	0	0	0	0	0
gain:cnaHNSC23 (MDM2,NUP107,SRGAP1)	0	0	0	0	0	0	0	0	0	0	0	0	0	0	0	0	0	0	0	0	0	0	0	0	0	0	0	0	0	1	0	0	0	0	0	0	0	0	0	0	0	0
loss:cnaHNSC26	0	0	0	0	1	1	0	1	1	1	1	0	1	0	0	1	0	0	0	0	1	0	1	0	0	0	1	0	0	1	0	0	0	0	0	0	1	1	0	0	0	1
loss:cnaHNSC28 (ATP1A1,CSDE1,NRAS)	0	0	1	1	0	1	0	0	0	0	0	0	0	0	0	0	0	0	0	0	0	0	0	0	1	0	0	0	0	0	0	0	0	0	0	0	0	0	0	0	0	0
loss:cnaHNSC29	0	0	1	1	0	0	0	0	0	0	0	0	0	1	0	0	1	0	0	0	0	0	1	0	0	0	0	0	0	0	0	0	0	0	0	0	0	0	0	0	0	0
loss:cnaHNSC30	0	0	0	0	0	1	0	0	0	0	0	0	0	0	0	0	0	0	0	0	0	0	0	0	0	0	0	0	0	0	0	0	0	0	0	0	0	0	0	0	0	0
loss:cnaHNSC32 (FAT1)	0	0	0	0	1	1	0	1	1	1	0	0	1	0	1	0	0	0	0	1	0	1	0	0	0	0	1	0	1	0	0	0	0	1	0	0	1	0	1	0	0	0
gain:cnaHNSC33	0	0	0	0	0	0	0	0	0	0	0	0	0	0	0	0	0	0	0	0	0	0	0	0	0	1	0	0	0	0	0	0	1	0	0	0	0	0	0	1	0	0
chr1:121260857-121261525(LOC647121)_HypMET	1	1	0	0	1	0	0	1	0	1	0	1	1	1	0	1	1	1	1	0	1	0	1	1	1	1	0	1	1	0	1	0	1	1	0	1	1	1	1	0	1	0
chr11:22850765-22851367(SVIP)_HypMET	1	1	1	1	1	1	1	0	1	1	1	1	1	1	1	1	1	1	1	1	1	0	1	1	0	1	1	1	1	0	1	0	1	1	1	1	1	1	1	0	0	0
chr17:40932329-40933299(WNK4)_HypMET	1	1	1	1	1	1	1	1	1	1	1	1	1	0	1	1	1	1	1	1	1	0	1	1	1	1	1	1	1	1	1	1	1	1	1	1	1	1	0	0	1	0
chr2:85811340-85811855(VAMP5)_HypMET	1	1	1	1	1	1	1	1	1	1	1	1	1	1	1	1	1	1	1	1	1	0	1	1	1	1	1	1	1	1	1	0	1	1	1	1	1	1	1	0	1	1
chr7:119912840-119913883(KCND2)_HypMET	1	1	1	1	1	1	0	1	1	1	1	1	1	0	1	1	1	1	1	1	1	0	1	0	0	1	1	1	1	0	0	1	1	1	1	1	1	0	1	0	1	0
chr17:46655215-46655604(HOXB4)_HypMET	1	1	1	1	1	1	1	1	1	1	0	1	0	1	0	1	1	1	1	0	1	0	1	1	0	1	1	0	1	0	0	1	1	1	1	1	1	1	1	0	1	0
chr6:85472702-85474132(TBX18)_HypMET	1	1	0	1	1	1	1	0	1	1	1	1	1	1	0	1	0	1	0	0	1	0	1	0	0	1	0	1	1	1	0	1	1	1	1	1	1	1	0	0	1	1
chr19:37406931-37407463(ZNF829)_HypMET	1	1	1	1	1	1	1	1	1	1	1	1	1	1	1	1	1	1	1	1	0	0	0	0	1	1	1	1	1	1	1	1	1	1	1	1	1	1	0	0	1	1
chr1:43613488-43613842(FAM183A)_HypMET	1	1	1	1	1	0	1	1	1	1	1	1	1	1	1	1	1	1	1	1	1	0	1	1	0	1	1	1	1	1	1	1	1	1	1	0	0	1	1	0	0	0
chr10:106028542-106029047(GSTO2)_HypMET	0	1	1	1	1	0	0	0	0	0	0	1	0	0	0	0	0	0	0	1	0	0	1	0	1	0	0	1	1	0	0	0	0	1	0	0	0	0	0	0	0	1
chr1:110230238-110230614(GSTM1)_HypMET	1	1	1	1	0	0	0	1	0	1	0	0	1	0	0	1	1	1	1	1	1	0	1	1	1	1	1	1	1	0	1	1	1	1	1	1	1	0	1	0	1	1
chr11:119293320-119293943(THY1)_HypMET	1	1	1	1	1	1	1	1	1	1	1	1	1	1	1	1	1	1	1	1	1	0	1	1	1	1	1	1	1	1	1	1	1	1	1	0	0	0	1	0	0	0
chr1:181451311-181452049()_HypMET	1	0	1	1	1	0	0	1	1	1	1	1	1	1	1	1	1	1	1	1	1	0	0	1	1	1	1	1	1	1	1	1	1	1	1	0	0	1	0	0	1	0
chr11:8615397-8615889(STK33)_HypMET	1	1	1	1	1	0	1	1	1	1	1	1	1	0	1	0	1	1	1	1	1	0	1	1	0	1	1	0	1	0	1	1	1	1	1	1	1	1	0	0	0	0
chr13:29292670-29293329(SLC46A3)_HypMET	1	1	1	1	1	0	0	1	1	1	0	1	1	1	1	0	1	1	1	1	0	0	1	1	0	1	0	0	1	0	0	0	0	1	1	0	1	0	1	0	0	0
chr13:79175610-79177985(POU4F1)_HypMET	1	1	1	1	1	0	0	1	1	1	1	1	1	1	1	1	1	1	1	1	1	0	1	1	1	1	1	1	1	1	1	1	1	1	1	1	1	1	0	0	0	0
chr14:24803678-24804353(ADCY4, RIPK3)_HypMET	1	1	1	1	1	1	1	1	1	1	1	1	1	1	0	1	1	1	1	1	1	0	1	1	1	1	1	1	1	1	1	0	1	1	1	1	1	1	0	0	1	1
chr14:59930634-59932251()_HypMET	1	1	1	1	1	1	1	1	1	1	1	1	1	1	1	1	1	1	1	1	1	0	1	1	1	1	1	1	1	1	1	1	1	1	1	1	1	1	1	0	1	1
chr15:40544352-40545512(PAK6, C15orf56)_HypMET	1	1	1	1	0	0	1	1	1	1	1	1	0	1	1	0	1	1	1	1	1	0	1	1	1	1	1	1	1	1	1	0	0	1	1	1	1	1	1	0	0	1
chr16:56659107-56659660(MT1E)_HypMET	0	1	0	1	0	0	0	0	0	1	1	0	1	0	0	1	1	1	0	0	1	0	0	1	1	0	0	1	1	1	0	0	1	0	0	1	1	0	0	0	0	1
chr16:56665945-56666641(MT1M)_HypMET	1	1	1	1	0	1	1	1	1	1	1	1	1	0	0	1	1	0	0	1	1	0	1	1	1	0	0	1	1	1	1	1	1	1	1	0	1	0	0	0	0	1
chr17:44656490-44657494(ARL17A)_HypMET	0	0	0	0	0	0	0	0	0	0	0	0	0	0	0	1	0	0	0	0	0	0	0	0	1	0	0	0	0	0	0	0	0	0	0	0	0	0	0	0	0	0
chr18:47087879-47088528(LIPG)_HypMET	0	1	1	1	0	1	1	1	1	1	0	1	1	0	1	1	1	1	1	1	0	0	1	1	1	1	1	1	1	1	0	1	1	1	1	1	0	0	0	0	1	0
chr19:21265164-21265433(ZNF714)_HypMET	0	0	1	0	1	0	0	0	0	0	0	0	1	1	1	0	0	1	1	0	0	0	1	1	0	0	1	1	0	0	0	0	0	0	0	1	0	0	0	0	1	0
chr19:50706482-50707196(MYH14)_HypMET	1	1	1	1	1	0	0	1	1	1	0	1	0	0	1	1	1	1	1	1	0	0	1	1	0	1	1	0	1	0	1	1	1	1	1	1	1	1	1	0	0	0
chr19:50831454-50832070(KCNC3)_HypMET	1	1	1	1	1	0	0	1	1	1	0	1	1	0	1	0	1	1	1	1	0	0	1	1	0	1	1	0	1	0	0	1	0	1	1	0	1	1	1	0	0	0
chr19:53662189-53662500(ZNF347)_HypMET	1	1	1	1	1	1	1	1	1	1	1	1	1	0	1	1	1	1	1	1	0	0	1	1	1	1	1	1	1	1	1	1	1	1	1	1	1	1	1	0	1	0
chr19:56915356-56915856(ZNF583)_HypMET	1	1	1	0	1	1	1	1	1	1	1	1	1	1	1	1	1	1	1	1	1	0	0	0	0	1	1	1	1	1	1	0	1	1	1	1	1	1	1	0	0	1
chr19:57078365-57079301(ZNF470)_HypMET	1	1	1	1	1	1	1	1	1	1	1	1	1	1	1	1	1	1	1	1	1	0	1	1	0	1	1	1	1	1	1	0	1	1	1	1	1	1	0	0	0	0
chr20:33146135-33147318(MAP1LC3A)_HypMET	1	0	0	1	0	0	1	1	1	0	1	1	1	1	0	1	1	1	1	0	1	0	1	1	0	1	1	1	1	0	0	1	0	1	1	1	0	1	0	0	0	0
chr22:24180491-24181666(DERL3)_HypMET	1	1	1	1	1	1	1	1	1	1	1	1	1	1	1	1	1	1	1	1	1	0	1	1	1	1	1	1	1	1	1	1	1	1	1	1	1	1	0	0	1	1
chr22:24384134-24384405(GSTT1)_HypMET	1	1	1	0	0	0	0	0	0	1	0	0	0	0	0	1	0	1	1	0	0	0	1	0	0	1	0	0	1	0	0	0	0	1	1	0	0	0	0	0	0	0
chr3:9956822-9957664(IL17RE)_HypMET	1	1	1	1	1	1	1	1	1	1	1	1	0	0	1	1	1	1	1	1	1	0	1	1	1	1	1	1	1	1	0	0	1	1	1	1	1	1	1	0	1	1
chr3:99594969-99595215(C3orf26, FILIP1L, MIR548G)_HypMET	0	1	0	1	1	1	0	1	0	0	1	0	0	0	0	1	0	0	1	0	1	0	1	0	1	0	0	0	0	0	0	1	1	0	1	0	1	0	0	0	0	0
chr4:5709985-5710495(EVC2)_HypMET	1	1	1	1	0	0	1	1	1	1	1	0	1	0	0	1	1	1	1	1	1	0	1	1	1	1	1	1	1	1	1	0	1	1	1	0	0	0	1	0	0	1
chr4:76555366-76556079(CDKL2)_HypMET	0	1	1	1	1	0	0	1	0	1	0	1	0	0	0	0	0	1	1	1	0	0	0	0	0	1	1	1	1	1	0	0	1	0	1	1	1	0	0	0	0	0
chr5:101632049-101632373(SLCO4C1)_HypMET	1	1	1	1	1	1	1	1	1	1	1	1	1	0	1	1	1	1	1	1	1	0	1	1	1	1	1	1	1	1	1	1	1	1	1	1	1	1	1	0	0	1
chr5:179243545-179244453(SQSTM1)_HypMET	1	1	1	1	0	1	1	1	1	1	1	1	1	1	0	1	1	1	1	1	1	0	1	1	1	1	1	1	1	1	1	0	1	1	1	1	1	0	1	0	0	1
chr6:291948-292839(DUSP22)_HypMET	0	1	1	1	1	1	1	0	1	1	0	1	1	1	1	0	1	0	1	1	1	0	1	0	1	1	1	1	1	1	1	1	1	1	1	1	1	1	1	0	0	0
chr7:22539545-22540022(MGC87042)_HypMET	1	1	1	1	1	0	1	1	1	1	1	1	1	0	0	1	0	1	1	1	1	0	1	1	1	1	0	1	1	1	1	0	1	1	1	1	1	0	0	0	1	1
chr7:27195601-27196567(HOXA7)_HypMET	1	1	1	1	1	1	1	1	1	1	0	1	0	0	0	0	1	1	1	1	1	0	1	1	0	1	1	0	1	1	0	1	1	1	1	0	1	1	1	0	0	0
chr9:35756948-35757339(MSMP)_HypMET	1	1	1	1	0	0	1	1	1	1	1	1	0	0	1	1	1	1	1	1	1	0	1	1	1	1	0	0	1	1	0	0	0	1	0	0	0	0	0	0	1	0
