	905947	905948	910920	905950	753533	910698	905963	910952	753558	1298168	1298169	753577	753578	753585	1509073	1509074	909250	1524418	1524417	1524414	1524415	1524419	909974	905978	905979	1240220	905981	1240224	909781	910922	1524416	905980
BAP1_mut	0	0	0	0	0	0	0	0	1	0	0	0	0	0	0	0	0	0	0	0	0	0	1	0	0	0	0	1	0	0	0	0
CDKN2A_mut	0	0	0	0	0	0	0	0	0	0	0	0	0	0	0	0	0	0	0	0	0	0	0	0	1	0	0	0	0	0	0	0
EZH2_mut	0	0	0	0	0	0	0	0	0	0	0	0	0	0	0	0	0	0	0	1	0	0	0	0	0	0	0	0	0	0	0	0
FBXW7_mut	0	0	0	0	0	0	0	1	0	0	0	0	0	0	0	0	0	0	0	0	0	0	0	0	0	0	0	0	0	0	0	0
ITSN1_mut	0	0	0	0	0	0	0	0	0	0	0	0	0	0	0	0	0	0	0	1	0	0	0	0	0	0	0	0	0	0	0	0
KDM5C_mut	0	0	0	0	0	0	0	0	0	0	0	0	0	0	0	0	0	0	0	0	0	0	0	0	0	1	0	0	0	0	0	0
KDM6A_mut	0	0	0	0	0	0	0	0	0	0	0	0	1	1	0	0	0	0	0	0	0	0	0	0	0	0	0	0	0	0	0	0
MGA_mut	0	1	0	0	0	0	0	0	0	0	0	0	0	0	0	0	0	0	0	0	0	0	0	0	0	0	0	0	1	0	0	0
MLL3_mut	0	0	0	0	0	0	0	0	0	0	0	0	0	0	0	0	0	0	0	1	0	0	0	0	0	0	0	0	0	0	0	0
NF1_mut	0	0	0	0	0	0	0	0	0	0	0	0	0	0	0	0	0	0	0	1	0	0	0	0	0	0	0	0	0	0	0	0
NF2_mut	0	0	0	1	0	0	0	0	0	0	0	1	1	1	0	0	0	1	0	0	0	0	0	0	1	0	0	0	0	0	0	0
NFE2L2_mut	0	0	0	0	0	0	0	0	0	0	0	0	0	0	0	0	0	0	1	0	0	0	0	0	0	0	0	0	0	0	0	0
PBRM1_mut	0	0	1	1	0	0	0	0	0	1	0	0	0	0	1	0	0	0	1	1	0	1	0	0	0	0	0	0	0	0	0	0
PTEN_mut	1	0	0	0	0	0	0	0	0	0	0	0	0	0	0	0	1	0	0	0	0	0	0	0	0	1	0	0	0	0	0	0
RBM10_mut	0	0	0	0	0	0	0	0	0	0	0	0	0	0	0	0	0	0	0	0	0	0	0	0	1	0	0	0	0	0	0	0
SETD2_mut	0	1	1	0	0	0	1	0	0	0	0	0	0	0	0	0	0	1	1	0	0	0	0	0	0	0	0	1	0	0	0	0
SMARCA4_mut	0	0	0	0	0	0	0	1	0	0	0	0	0	0	0	0	0	0	0	0	0	0	0	0	0	0	1	0	0	0	0	0
SOX9_mut	0	0	0	0	0	0	0	0	0	0	0	0	0	0	0	0	0	0	0	0	0	0	1	0	0	0	0	0	0	0	0	0
TP53_mut	1	0	1	0	1	1	0	0	0	0	1	0	0	0	0	1	0	0	1	1	0	0	0	1	1	0	0	1	1	0	0	0
VHL_mut	1	1	0	0	1	0	0	0	0	0	1	0	0	0	1	0	1	0	1	1	1	0	0	0	0	1	0	1	1	0	0	0
ZFP36L2_mut	0	0	0	0	0	0	0	0	0	0	0	0	0	0	0	0	0	0	0	0	0	0	1	0	0	0	0	0	0	0	0	0
loss:cnaKIRC3	0	0	1	0	1	0	0	0	0	0	0	0	0	0	1	0	0	0	0	0	0	0	1	0	0	0	0	0	0	0	0	0
loss:cnaKIRC4	0	0	1	0	1	0	0	0	0	0	0	0	0	0	1	0	0	0	0	0	0	0	1	0	0	0	0	0	0	0	0	0
loss:cnaKIRC5	0	0	0	0	1	0	0	0	0	0	0	0	0	0	1	1	0	0	0	0	0	0	0	0	0	0	0	1	0	0	0	0
loss:cnaKIRC6 (SOX17)	0	0	0	0	1	0	0	0	0	0	0	0	0	0	0	0	0	0	0	0	0	0	0	0	0	0	0	0	0	0	0	0
loss:cnaKIRC7 (CDKN2A)	1	1	1	1	1	1	1	1	1	1	1	1	1	1	1	1	1	1	0	1	1	1	1	1	0	0	1	0	1	1	1	0
loss:cnaKIRC10	0	0	0	0	0	0	0	0	0	0	0	0	0	0	0	0	0	1	0	0	0	0	0	0	0	0	1	0	0	0	0	0
loss:cnaKIRC12	0	0	1	0	1	0	0	0	0	0	0	0	0	1	1	1	0	1	1	1	1	1	1	0	0	0	0	0	1	1	0	0
loss:cnaKIRC13	0	0	1	0	1	0	0	0	0	0	0	0	0	1	1	1	0	1	1	1	1	1	1	0	0	0	0	0	1	1	0	0
loss:cnaKIRC14	0	0	1	0	1	0	0	0	0	0	0	0	0	1	1	1	0	1	1	1	1	1	1	0	0	0	0	0	1	1	0	0
loss:cnaKIRC15	0	0	1	0	1	0	0	0	0	0	0	0	0	1	1	1	0	1	1	1	1	1	1	0	0	0	0	0	1	1	0	0
loss:cnaKIRC16	0	0	0	0	1	0	0	0	0	0	0	0	0	1	1	1	0	1	0	0	0	1	0	1	0	0	0	0	0	0	0	0
loss:cnaKIRC19	0	1	1	0	0	0	1	0	0	0	0	0	0	1	0	1	0	1	0	0	0	0	0	1	0	0	0	0	0	1	0	0
loss:cnaKIRC22	0	0	1	0	1	0	0	0	0	0	0	0	0	0	1	1	0	0	1	0	1	1	1	0	0	0	0	1	1	1	0	0
loss:cnaKIRC23	0	0	0	0	0	0	0	0	0	0	0	0	0	0	0	0	0	1	0	0	0	1	1	0	0	0	0	0	1	0	0	0
loss:cnaKIRC24 (FAT1,IRF2)	0	0	1	0	0	0	1	0	0	0	0	0	0	0	0	0	0	1	1	0	0	1	1	1	0	0	0	0	1	0	0	0
loss:cnaKIRC27	0	0	0	0	0	0	0	0	0	0	1	1	0	1	0	0	0	0	0	0	0	0	0	0	0	0	0	0	0	0	0	0
chr11:8102358-8102913(TUB)_HypMET	1	1	1	0	1	1	1	0	1	1	1	1	1	1	1	1	0	1	1	1	0	1	1	1	1	1	1	0	1	1	1	1
chr22:24384134-24384405(GSTT1)_HypMET	0	1	0	1	0	1	1	0	0	1	0	0	1	1	1	1	0	1	1	1	0	0	1	0	0	0	1	0	1	0	0	1
chr1:110230238-110230614(GSTM1)_HypMET	1	1	1	1	1	1	1	1	1	1	1	1	1	1	1	0	1	1	1	1	0	1	1	1	1	1	1	0	1	1	1	1
chr17:43339124-43339832(LOC100133991, MAP3K14, C17orf46)_HypMET	1	1	1	1	1	1	1	1	1	1	1	1	1	1	1	1	1	1	1	1	0	1	1	1	1	1	1	0	1	1	1	1
chr19:21265164-21265433(ZNF714)_HypMET	0	1	0	0	1	1	1	1	1	0	1	1	0	1	1	1	0	0	1	0	0	0	1	0	0	1	0	0	1	1	1	1
chr6:291948-292839(DUSP22)_HypMET	1	1	1	1	1	0	1	1	0	1	1	0	1	1	0	1	1	0	0	0	0	1	1	1	1	0	0	0	0	1	1	1
chr8:107669777-107670591(OXR1)_HypMET	1	1	1	1	1	0	1	1	1	1	1	0	1	1	1	1	0	1	1	1	0	1	1	1	0	1	1	0	0	1	1	1
