	910566	753548	906870	905938	907275	907278	907280	1330932	907300	1330942	908141	1330947	1330948	908148	1323913	908448	908451	1290455	1330983	1330985	909253	1330991	909715	909771	910688	907053	910947	910545
ARID1A_mut	0	0	0	0	0	0	0	0	0	0	0	0	0	0	0	0	0	0	0	0	1	0	0	0	0	0	0	0
ASXL1_mut	0	0	0	0	1	0	0	1	0	0	0	0	0	1	0	0	1	0	1	0	0	1	0	0	0	0	0	0
BCOR_mut	0	1	0	0	0	0	0	0	0	0	0	0	0	0	0	0	0	0	0	0	0	0	0	0	0	0	0	0
CDKN2A_mut	0	0	0	1	0	0	0	0	0	0	0	0	0	0	0	0	0	0	0	0	0	0	0	0	0	0	0	0
CREBBP_mut	0	0	0	0	0	0	0	0	0	0	1	0	0	0	0	0	0	0	0	1	1	0	0	0	0	0	0	0
DNMT3A_mut	0	1	0	0	0	0	0	0	0	0	0	0	0	0	0	0	0	0	0	0	0	0	0	0	0	0	0	0
EP300_mut	0	1	0	0	0	0	0	0	0	0	0	0	0	0	0	0	0	0	0	0	1	0	0	0	0	0	0	0
EZH2_mut	0	0	0	0	0	0	0	0	0	0	0	0	0	0	0	0	0	0	0	0	1	1	0	0	0	0	0	0
FBXW7_mut	0	1	0	0	0	0	0	0	0	0	0	0	0	0	0	0	0	0	0	0	0	0	0	0	0	0	0	0
FLT3_mut	0	0	0	0	0	0	0	0	0	0	0	1	0	0	0	0	0	0	0	0	0	0	0	0	0	0	0	0
KRAS_mut	0	0	0	0	0	0	0	0	0	0	1	0	0	0	0	0	1	0	0	0	0	1	0	0	0	0	0	0
MAP3K1_mut	0	1	0	0	0	0	0	0	0	0	0	0	0	0	0	0	0	0	0	0	0	0	0	0	0	0	0	0
NF1_mut	0	0	0	0	0	0	0	0	0	0	0	0	0	0	0	0	0	0	1	0	0	0	0	0	0	0	0	0
NOTCH1_mut	0	1	0	0	0	0	0	0	0	0	1	0	0	0	0	0	0	0	0	0	0	0	0	0	0	0	0	0
NPM1_mut	0	0	0	0	0	0	0	0	0	0	0	0	0	0	0	0	0	1	0	0	0	0	0	0	0	0	0	0
NRAS_mut	0	0	0	1	0	0	1	1	1	1	0	0	0	0	0	0	0	1	0	0	1	0	0	1	0	0	0	0
PML-RARA_mut	0	0	0	0	0	0	0	0	0	0	0	0	0	0	1	0	0	0	0	0	0	0	0	0	0	0	0	0
PTEN_mut	0	0	0	0	0	0	0	0	0	0	0	0	0	0	0	0	0	0	0	0	1	0	0	0	0	0	0	0
PTPN11_mut	0	0	1	0	0	0	0	0	0	0	0	0	0	0	0	0	0	0	0	0	0	0	0	0	0	0	0	0
RUNX1-RUNX1T1_mut	0	0	0	0	1	0	0	0	0	0	0	0	0	0	0	0	0	0	0	0	0	0	0	0	0	0	0	0
SACS_mut	0	1	0	0	0	0	0	0	0	0	0	0	0	0	0	0	0	0	0	1	1	0	0	0	0	0	0	0
STAG2_mut	0	0	0	0	0	0	0	0	0	0	0	0	1	0	0	0	0	0	0	0	0	0	0	0	0	0	0	0
TET2_mut	0	0	0	0	0	0	0	1	0	0	0	0	0	0	0	0	0	0	1	0	0	0	1	0	0	0	0	0
TP53_mut	1	0	0	0	1	1	1	1	1	1	0	0	1	1	1	0	1	0	0	1	1	1	0	1	0	0	0	0
U2AF1_mut	0	0	0	0	0	0	0	0	0	0	0	0	0	1	0	1	0	0	0	0	0	0	0	0	0	0	0	0
loss:cnaLAML5	0	0	0	0	0	0	0	0	0	0	0	0	0	0	0	0	0	0	0	0	0	0	0	1	0	0	0	0
loss:cnaLAML6	0	0	0	0	0	0	0	0	0	0	0	0	0	0	0	0	1	0	0	0	0	0	0	0	0	0	0	0
loss:cnaLAML8	0	0	1	0	0	0	0	0	0	0	0	0	0	0	0	0	0	0	0	0	1	0	0	0	0	0	0	0
chr13:25670041-25670531(PABPC3)_HypMET	0	1	1	1	1	1	1	1	0	0	1	1	0	1	1	1	1	1	1	0	1	1	1	1	0	1	1	1
chr19:12831793-12832225(TNPO2)_HypMET	0	1	1	0	0	0	1	1	0	1	1	1	0	0	1	1	1	0	1	1	1	1	0	1	0	1	0	1
chr21:47602431-47602740(C21orf56)_HypMET	0	1	0	1	0	1	0	0	0	1	1	0	0	0	1	1	0	0	1	1	1	0	0	0	0	0	0	1
chr17:46654053-46654369(HOXB3)_HypMET	0	0	1	0	1	1	0	1	1	0	1	0	0	0	1	1	0	0	1	0	1	1	0	0	0	0	1	1
chr17:46673532-46674181(LOC404266)_HypMET	0	1	1	1	1	1	0	0	1	1	1	1	0	1	1	1	1	1	1	1	1	1	1	1	1	1	1	1
chr1:110230238-110230614(GSTM1)_HypMET	0	1	0	1	0	1	1	1	0	1	1	1	0	1	1	0	1	1	0	1	0	1	0	0	1	0	0	1
chr6:291948-292839(DUSP22)_HypMET	0	1	1	1	0	1	0	1	1	1	1	1	0	1	1	0	1	0	1	1	1	1	1	1	0	0	1	0
chr7:143582125-143582610(FAM115A)_HypMET	0	1	1	1	1	1	1	1	1	1	1	0	0	1	1	1	1	1	1	1	1	1	1	1	1	1	1	1
chr1:248100325-248100726(OR2L13)_HypMET	0	0	0	1	0	0	0	0	1	0	1	0	0	1	1	1	1	1	0	0	0	0	1	1	0	0	1	0
chr1:146649622-146649852(PDIA3P)_HypMET	0	1	1	1	1	1	1	1	1	1	1	1	0	1	1	1	1	1	1	1	1	1	1	1	1	1	1	1
chr12:49782965-49783193(SPATS2)_HypMET	0	0	1	0	0	1	0	0	0	1	1	1	0	1	0	1	0	0	0	0	0	0	1	0	1	1	0	1
chr15:45315201-45315543(SORD)_HypMET	0	1	1	1	0	1	0	0	0	0	1	1	0	0	1	1	1	1	1	0	1	0	1	0	1	1	0	1
chr17:6558221-6558441()_HypMET	0	0	1	0	0	0	0	0	0	1	0	0	0	1	0	1	1	0	1	0	1	1	0	1	0	0	0	0
chr18:77905297-77905566(LOC100130522)_HypMET	0	1	1	1	0	1	1	1	1	1	1	1	0	1	1	1	1	0	1	1	1	1	0	1	1	1	0	1
chr19:52390841-52391368(ZNF577)_HypMET	0	1	0	0	1	1	0	0	0	0	0	0	0	0	0	1	1	1	0	1	0	0	0	0	0	0	0	1
chr21:40760626-40760829(WRB)_HypMET	0	0	0	0	0	0	0	0	1	0	0	0	0	0	0	0	0	0	1	0	0	1	0	0	0	0	0	0
chr22:20459267-20461473()_HypMET	0	1	1	1	0	1	0	0	0	1	1	1	0	0	1	1	1	1	1	0	1	1	1	1	0	0	1	1
chr2:85811340-85811855(VAMP5)_HypMET	0	0	1	1	1	1	1	0	1	1	1	1	0	1	1	1	1	1	1	1	1	0	1	1	0	1	0	1
chr5:67584213-67584451(PIK3R1)_HypMET	0	1	1	1	1	1	1	0	1	1	1	1	0	1	1	1	1	1	1	1	1	1	1	1	0	1	0	0
chr6:31148369-31148577(PSORS1C3)_HypMET	0	1	0	0	1	1	0	1	1	0	0	0	0	0	1	0	0	0	0	0	0	0	0	1	0	0	0	0
chr9:140310894-140312457(EXD3)_HypMET	0	0	1	1	1	0	1	1	1	1	1	1	0	1	1	1	0	1	0	1	1	0	1	1	0	1	1	1
