	946369	946373	906868	906871	1240150	907271	907279	907282	924188	908144	908145	908449	908452	908450	905984	909750	907042
EGFR_mut	0	0	0	0	1	0	0	0	1	0	0	0	0	0	0	0	0
EP300_mut	0	0	0	0	0	0	0	0	0	0	0	0	0	1	0	0	0
MLL_mut	0	0	0	0	0	0	0	0	0	0	0	0	1	0	0	0	0
MLL2_mut	0	0	0	0	0	0	0	0	0	0	0	0	0	1	0	0	0
NF1_mut	0	1	0	0	0	1	1	0	0	0	0	0	0	0	0	0	0
NF2_mut	0	0	0	0	0	0	0	0	0	0	0	1	0	0	0	0	0
PIK3R1_mut	0	0	0	1	0	0	0	0	1	0	0	0	0	0	0	0	0
PTEN_mut	0	0	0	0	0	1	0	0	0	0	0	0	0	0	0	1	0
RB1_mut	1	0	0	1	0	0	0	0	0	1	0	0	1	1	1	1	0
SETD2_mut	0	0	0	0	0	0	0	0	0	1	0	0	0	0	0	0	0
SMARCA4_mut	0	0	1	0	0	0	0	0	0	0	0	0	0	0	0	0	0
TP53_mut	1	0	0	1	1	1	1	1	0	1	1	0	1	1	1	1	0
loss:cnaLGG1 (BNC2,CDKN2A,JAK2,PSIP1)	1	1	1	0	1	0	1	0	1	1	0	1	0	0	0	0	1
loss:cnaLGG2	0	0	0	0	1	0	0	0	0	0	0	0	0	0	0	0	0
gain:cnaLGG4	0	0	0	1	0	0	0	0	0	0	0	0	0	0	0	0	0
gain:cnaLGG5	0	0	0	1	0	0	0	0	0	0	0	0	0	0	0	0	0
gain:cnaLGG6 (MDM4,PIK3C2B,ZC3H11A)	0	0	0	1	0	0	0	0	0	0	0	0	0	0	0	0	0
loss:cnaLGG7 (RPL22)	0	1	0	0	0	0	0	1	1	0	0	0	0	0	0	0	0
loss:cnaLGG9	0	0	0	0	0	0	0	0	0	1	0	0	0	0	0	0	0
gain:cnaLGG11 (KRAS)	1	0	0	0	0	0	0	0	0	0	0	0	0	0	0	0	0
gain:cnaLGG13 (FGFR1,WHSC1L1)	0	0	0	1	0	0	0	0	0	0	0	0	0	0	0	1	0
loss:cnaLGG14 (CUL2)	0	0	0	0	1	0	1	0	1	0	0	1	0	0	0	0	0
gain:cnaLGG16 (EGFR)	0	0	0	1	0	0	0	0	0	0	1	0	0	0	1	1	1
chr1:153935781-153936276(SLC39A1)_HypMET	0	0	0	0	0	0	0	0	0	0	0	0	0	0	0	0	1
chr4:103940668-103940951(NHEDC1)_HypMET	0	0	0	0	0	0	0	0	0	0	1	0	0	0	0	0	0
chr9:98783216-98784364(NCRNA00092)_HypMET	0	0	1	1	0	1	0	1	1	0	0	0	0	1	1	0	1
chr10:38645112-38645513(HSD17B7P2)_HypMET	1	1	1	0	0	0	0	0	0	0	0	1	0	0	0	0	0
chr22:24110029-24110995(CHCHD10)_HypMET	0	0	1	0	0	0	0	0	0	0	0	1	0	1	1	0	0
chr1:145472980-145474702(ANKRD34A)_HypMET	0	0	1	1	0	1	0	1	1	1	1	1	1	1	1	1	1
chr9:86571047-86572027(C9orf64)_HypMET	0	0	1	0	1	1	1	1	1	0	1	1	1	1	1	0	1
chr6:52226753-52228006()_HypMET	0	0	0	0	0	1	0	1	1	1	0	0	1	1	1	1	1
chr19:49315545-49315765(BCAT2)_HypMET	0	0	1	0	1	1	1	0	0	1	0	0	0	1	0	0	1
chr4:1005930-1006282(FGFRL1)_HypMET	0	0	0	0	0	0	0	0	0	0	0	0	0	1	0	0	0
chr7:150065169-150066351(REPIN1)_HypMET	0	0	1	0	0	0	1	1	1	0	1	0	0	1	0	0	0
chr2:219646432-219647181(CYP27A1)_HypMET	0	0	1	1	0	0	0	1	0	1	0	1	0	1	1	0	1
chr5:126626053-126626901(MEGF10)_HypMET	0	0	0	0	0	0	0	0	0	0	0	0	1	1	0	0	1
chr16:68002837-68003039(SLC12A4)_HypMET	0	0	0	1	0	0	0	0	1	0	1	0	0	1	1	0	1
chr13:36052553-36053119(MIR548F5, NBEA, MAB21L1)_HypMET	0	0	0	0	0	1	0	1	0	0	0	0	0	0	1	0	1
chr16:56665945-56666641(MT1M)_HypMET	0	0	1	1	0	1	0	1	1	0	0	0	1	1	1	0	1
chr11:113185332-113185663(TTC12)_HypMET	0	0	0	0	0	0	0	1	0	0	1	0	1	0	0	0	0
chr17:38333605-38334795(RAPGEFL1)_HypMET	1	1	1	0	0	1	1	1	1	1	1	0	1	1	1	1	1
chr2:9346383-9347944(ASAP2)_HypMET	0	0	0	1	0	0	0	1	1	1	1	0	1	1	1	0	1
chr11:67070807-67071801(SSH3)_HypMET	0	0	0	0	0	1	0	0	0	0	0	0	0	1	0	0	0
chr1:180881316-180882592(KIAA1614)_HypMET	0	0	0	1	0	0	0	1	0	0	0	0	0	0	0	0	1
chr16:67464388-67465462(HSD11B2)_HypMET	0	0	0	0	0	1	0	1	1	0	0	0	1	1	1	0	1
chr2:96011132-96013197(KCNIP3)_HypMET	0	0	0	0	0	0	0	0	0	0	0	0	0	1	0	0	0
chr11:73693702-73694802(UCP2)_HypMET	0	0	0	0	0	1	0	0	0	0	0	1	0	0	1	0	0
chr11:64509433-64513826(RASGRP2)_HypMET	0	0	0	0	0	1	0	0	0	0	0	0	0	0	0	0	1
chr17:52977866-52978307(TOM1L1)_HypMET	0	0	0	0	0	0	0	1	0	0	0	0	1	0	1	0	1
chr1:10755226-10755521(CASZ1)_HypMET	0	0	1	1	0	1	0	1	1	1	1	1	1	1	1	1	1
chr3:125075915-125076481(ZNF148)_HypMET	0	0	1	1	0	1	1	1	1	1	1	0	1	0	1	1	1
chr20:48098512-48099560(KCNB1)_HypMET	0	0	0	0	0	0	0	1	1	0	0	0	0	1	0	0	0
chr15:64679907-64680233(TRIP4)_HypMET	0	0	0	0	1	0	0	0	0	0	0	0	0	0	0	0	0
chr10:102756834-102759798(LZTS2)_HypMET	0	0	1	0	0	0	0	1	0	0	0	0	0	0	0	0	1
chr1:2064628-2064855(PRKCZ)_HypMET	0	0	0	0	0	0	0	1	1	0	0	0	0	1	0	0	1
chr11:72463092-72463717(ARAP1)_HypMET	0	0	0	0	0	1	0	0	0	0	0	0	0	0	0	0	0
chr21:47602431-47602740(C21orf56)_HypMET	0	1	1	1	1	0	0	0	1	0	0	0	0	1	0	1	1
chr12:104697348-104697984(EID3, TXNRD1)_HypMET	1	0	1	1	0	0	1	1	1	0	1	0	0	0	1	0	1
chr4:57371582-57372022(ARL9)_HypMET	0	0	1	1	0	1	0	1	1	1	1	0	0	1	1	0	1
chr3:49314437-49314815(C3orf62)_HypMET	0	0	1	0	0	1	0	1	1	0	1	0	0	1	0	0	1
chr3:119298284-119298983(ADPRH)_HypMET	0	0	1	1	0	0	0	1	1	0	1	0	0	1	1	0	1
chr10:43891546-43892917(HNRNPF)_HypMET	0	0	0	0	0	0	0	0	0	0	0	0	0	1	0	0	0
chr10:94351356-94351615(KIF11)_HypMET	0	0	1	1	0	0	1	1	0	0	0	0	1	1	0	0	1
chr1:11724113-11724885(FBXO6, FBXO44)_HypMET	0	0	0	0	0	0	0	0	0	0	0	0	1	1	0	0	0
chr1:13910137-13910868(PDPN)_HypMET	0	0	0	0	0	0	0	1	0	0	0	0	0	1	1	0	1
chr11:44087518-44088165(ACCS)_HypMET	1	0	1	1	0	0	0	0	0	1	0	0	0	0	0	0	0
chr11:46402624-46404139(MDK)_HypMET	0	0	1	0	0	1	0	0	1	0	0	0	0	1	0	0	1
chr1:177150814-177151165(FAM5B)_HypMET	0	0	0	0	0	0	0	0	0	0	0	0	0	0	0	0	1
chr12:132690339-132690571(GALNT9)_HypMET	0	1	1	0	0	0	0	0	0	0	0	0	0	0	0	0	1
chr1:218520287-218520506(TGFB2)_HypMET	0	0	0	0	0	0	0	1	0	0	0	0	0	0	0	0	0
chr1:21996161-21996409(RAP1GAP)_HypMET	0	0	1	1	0	1	0	1	1	1	1	1	1	1	1	1	1
chr1:220921411-220922176(MOSC2)_HypMET	0	0	1	0	0	1	0	0	0	0	0	0	0	1	0	0	1
chr12:53448008-53448406(TENC1)_HypMET	1	0	0	0	0	1	1	0	1	1	1	0	1	1	1	1	1
chr14:61188116-61190772(SIX4)_HypMET	0	0	1	0	1	0	0	0	0	0	1	0	0	1	0	0	0
chr15:30114110-30115215(TJP1)_HypMET	1	0	0	0	0	1	0	1	0	0	0	0	0	0	0	0	1
chr15:60690708-60690930(ANXA2)_HypMET	0	0	0	0	0	0	0	1	0	0	0	0	0	0	0	0	0
chr16:4166655-4167012(ADCY9)_HypMET	0	0	0	0	0	0	0	1	0	0	0	0	0	0	0	0	1
chr16:48399730-48400040(SIAH1)_HypMET	0	0	0	0	0	0	0	0	0	0	0	0	0	1	0	0	0
chr16:67183208-67184968(B3GNT9)_HypMET	0	0	1	1	0	1	0	0	0	0	0	0	1	0	0	0	1
chr16:67449936-67450472(ZDHHC1)_HypMET	0	0	0	0	0	1	0	0	0	1	0	0	0	0	0	0	0
chr17:27503598-27504014(MYO18A)_HypMET	0	0	0	0	0	0	0	1	0	0	1	0	0	0	1	0	0
chr17:44656490-44657494(ARL17A)_HypMET	1	0	0	0	0	0	0	0	0	1	1	0	1	1	1	1	1
chr18:77905297-77905566(LOC100130522)_HypMET	0	0	1	0	1	0	0	0	0	0	1	1	0	1	1	1	1
chr19:1851578-1852203()_HypMET	1	1	1	1	1	1	1	0	1	1	1	1	1	1	1	1	1
chr19:21265164-21265433(ZNF714)_HypMET	1	0	0	1	0	1	0	0	0	1	1	1	1	0	0	1	1
chr19:41106058-41106415(LTBP4)_HypMET	0	1	1	1	1	1	1	1	1	1	1	1	1	1	1	1	1
chr19:42501261-42501486(ATP1A3)_HypMET	0	0	0	0	0	0	0	0	1	0	0	0	1	1	0	0	0
chr19:44763978-44764312(ZNF233)_HypMET	0	1	0	0	1	1	1	1	1	1	1	0	0	1	0	1	0
chr19:47731377-47731715(BBC3)_HypMET	0	0	0	0	0	0	1	1	0	1	0	0	0	0	0	1	0
chr19:54371854-54372990(MYADM)_HypMET	0	0	0	0	0	0	0	0	0	0	0	0	0	1	0	0	0
chr21:37442140-37442778(CBR1)_HypMET	0	0	0	1	0	0	0	1	1	0	0	0	0	0	0	0	0
chr2:152954633-152955784(CACNB4)_HypMET	0	0	1	1	0	1	0	0	1	1	1	0	0	1	1	0	1
chr2:162270888-162271413()_HypMET	0	0	1	0	0	1	0	1	1	0	1	0	1	0	1	0	1
chr2:173940414-173941271(ZAK)_HypMET	0	0	0	0	0	1	0	0	1	1	0	0	0	0	0	0	0
chr2:183731819-183732093(FRZB)_HypMET	0	1	1	1	0	1	0	1	1	1	0	1	1	1	1	0	1
chr2:190539026-190539533(ANKAR)_HypMET	0	0	1	0	0	1	0	0	0	0	0	0	0	0	0	0	1
chr2:201983198-201983709(CFLAR)_HypMET	0	0	0	1	0	0	0	0	0	0	0	0	0	0	0	0	0
chr2:218621279-218621498(DIRC3)_HypMET	0	0	0	0	0	0	0	0	0	0	0	0	0	1	0	0	0
chr22:24180491-24181666(DERL3)_HypMET	0	1	0	1	0	0	1	0	1	0	0	0	1	1	1	0	0
chr22:24384134-24384405(GSTT1)_HypMET	1	1	1	1	0	1	0	1	1	0	0	0	1	1	1	0	1
chr22:46440393-46441019()_HypMET	0	0	1	1	0	0	0	0	0	0	1	0	0	0	1	0	1
chr3:101568107-101569046(NFKBIZ)_HypMET	0	0	0	0	1	0	0	0	0	0	0	0	0	0	0	0	0
chr3:139258152-139258731(RBP1)_HypMET	0	0	0	0	0	0	0	1	0	0	1	0	1	1	0	0	1
chr3:187456250-187456580(BCL6)_HypMET	0	0	1	1	0	1	0	1	0	0	1	0	0	0	0	1	1
chr5:115912001-115912384(SEMA6A)_HypMET	0	1	0	0	0	0	0	1	1	0	0	0	0	1	1	0	1
chr5:178322713-178323538(ZFP2)_HypMET	0	0	1	0	1	1	0	1	1	0	0	1	0	1	1	1	1
chr5:73935725-73937551(ENC1)_HypMET	0	0	0	0	0	0	0	1	0	0	0	0	0	0	0	0	0
chr6:26188997-26189295(HIST1H4D)_HypMET	0	0	0	1	0	1	0	0	1	0	0	0	1	0	0	1	0
chr6:291948-292839(DUSP22)_HypMET	0	1	0	0	0	1	1	1	1	0	0	1	1	0	1	1	1
chr6:3227025-3229688(TUBB2B)_HypMET	1	0	1	1	0	1	1	1	0	1	1	0	1	1	1	1	1
chr7:32996732-32997591(FKBP9)_HypMET	0	0	0	0	0	0	0	0	0	0	0	0	0	1	0	0	1
chr7:99678768-99679702(ZNF3)_HypMET	1	0	1	1	0	0	1	0	0	1	1	0	1	1	1	1	1
chr8:144659745-144660635(NAPRT1)_HypMET	1	1	1	1	0	1	1	1	1	0	1	1	1	1	1	1	1
