	1240147	907057	1298146	907071	1298151	1240157	1240158	1240159	1240160	909719	1240216	909736	1240217	909737	909738	909739	910850
ACVR2A_mut	0	0	0	0	0	0	1	0	0	0	0	0	0	0	0	0	0
ARID1A_mut	0	0	0	0	0	0	0	0	0	0	0	0	0	1	1	0	0
CREBBP_mut	0	0	0	0	1	0	0	0	0	0	0	0	0	0	0	0	0
CTNNB1_mut	0	0	0	0	0	0	0	0	0	0	0	0	1	0	0	0	0
FAM123B_mut	0	0	0	1	0	0	0	0	0	0	0	0	0	0	0	0	0
NOTCH1_mut	0	0	0	0	0	0	0	0	0	0	0	1	0	0	0	0	0
PHLPP1_mut	0	0	0	1	0	0	0	0	0	0	0	0	0	0	0	0	0
PTEN_mut	0	0	0	0	0	0	0	0	0	0	0	0	0	0	1	0	0
RB1_mut	1	0	0	0	0	0	0	0	0	0	0	0	0	0	0	0	0
SMARCA4_mut	0	0	0	0	0	0	0	0	0	1	0	0	0	0	0	0	0
TP53_mut	0	1	1	1	0	1	1	1	1	0	1	1	0	1	1	1	0
gain:cnaLIHC1 (TERT)	0	0	0	0	0	0	0	0	0	0	0	0	0	1	0	0	0
gain:cnaLIHC5	0	0	0	0	0	0	0	0	0	0	0	0	0	1	0	0	0
loss:cnaLIHC7 (CDKN2A)	0	0	1	0	0	0	0	0	0	1	0	1	0	0	1	0	0
gain:cnaLIHC9 (FOXA2)	0	0	0	0	0	0	0	0	0	0	0	0	0	1	0	0	0
loss:cnaLIHC10 (RB1)	1	1	0	0	0	0	0	0	0	0	0	0	0	0	1	0	0
gain:cnaLIHC11	0	0	0	0	0	0	0	0	0	0	0	0	0	1	0	0	0
loss:cnaLIHC13	0	0	0	0	0	0	0	0	0	0	1	0	0	0	1	0	0
chr18:77201938-77202732(NFATC1)_HypMET	1	0	0	0	1	0	0	0	0	1	1	0	1	0	1	0	0
chr18:77196121-77196568(NFATC1)_HypMET	1	0	0	0	1	0	0	0	0	1	1	0	1	0	0	0	0
chr20:62433937-62434203(ZBTB46)_HypMET	1	1	0	1	1	0	0	1	1	1	1	0	1	0	1	1	1
chr5:1594238-1595027(SDHAP3)_HypMET	0	1	0	1	0	1	1	0	1	0	0	0	1	0	0	1	0
chr18:77193463-77193764(NFATC1)_HypMET	1	1	0	0	1	0	0	1	0	1	1	0	1	0	1	0	0
chr10:135122851-135123109(ZNF511, TUBGCP2)_HypMET	1	1	0	1	0	1	1	1	1	1	1	0	1	1	1	1	1
chr10:135123238-135123448(ZNF511, TUBGCP2)_HypMET	1	1	0	1	1	1	1	1	1	1	1	0	1	1	1	1	1
chr1:110230238-110230614(GSTM1)_HypMET	1	1	1	0	1	1	1	1	1	0	1	1	1	1	1	0	1
chr17:41363727-41364273(TMEM106A)_HypMET	1	1	1	1	1	1	1	0	1	0	1	0	1	1	1	0	0
chr17:44656490-44657494(ARL17A)_HypMET	1	1	0	1	0	1	1	0	0	1	0	0	0	0	1	0	1
chr2:216877899-216878352(MREG)_HypMET	0	0	1	1	0	1	1	0	1	0	0	0	1	1	1	1	0
chr22:24384134-24384405(GSTT1)_HypMET	0	1	1	1	0	1	0	0	0	0	0	0	1	1	1	1	0
chr22:32026297-32026874(PISD)_HypMET	0	1	1	1	1	1	1	0	1	0	0	0	1	1	0	0	0
chr9:21974578-21975306(CDKN2A)_HypMET	0	1	1	1	0	1	1	1	1	1	0	1	1	1	1	1	0
