	910924	906790	1290806	906869	907041	907055	1240151	1322224	1240155	907276	908139	925340	924250	908461	908444	908446	908445	908455	1298357	1298358	1240209	1503364	909770	1299069	909697
ACVR2A_mut	0	0	0	0	0	0	0	0	1	0	0	0	0	0	0	0	0	1	0	0	0	0	0	0	0
AKAP9_mut	0	0	0	0	0	0	0	0	0	0	0	0	0	0	0	0	0	0	0	0	0	0	1	0	0
ANK3_mut	0	0	0	0	0	0	0	0	0	0	0	0	0	0	0	0	0	0	0	0	0	0	1	0	0
APC_mut	0	0	0	0	0	1	0	0	0	0	1	0	0	0	0	0	0	0	0	0	0	0	1	0	0
ARFGEF1_mut	0	0	0	0	0	0	0	0	0	0	0	0	0	0	1	0	0	0	0	0	0	0	0	0	0
ARID1A_mut	1	0	0	0	0	0	0	0	1	0	0	0	0	0	1	0	0	1	0	1	0	0	0	0	0
ARID1B_mut	0	0	0	0	0	0	0	0	0	0	0	0	0	0	1	0	0	0	0	1	0	0	0	0	0
ARID2_mut	0	0	0	0	0	0	0	0	0	0	1	0	0	0	0	0	0	1	0	0	0	0	1	0	0
ARID4A_mut	1	0	0	0	0	0	0	0	0	0	0	0	0	0	0	0	0	0	0	0	0	0	0	0	0
ATR_mut	0	0	0	0	0	1	0	0	0	0	0	0	0	0	0	0	0	0	0	0	0	0	0	0	0
BCOR_mut	0	0	0	0	0	0	0	0	1	0	0	1	0	0	1	0	0	0	0	0	0	0	0	0	0
CAD_mut	1	0	0	0	0	0	0	0	0	0	0	0	1	0	0	0	0	0	0	0	0	0	0	0	0
CDH1_mut	0	1	0	1	0	0	0	0	1	0	0	0	0	0	0	0	1	0	0	0	0	0	0	0	0
CDKN2A_mut	0	0	0	0	0	0	0	0	0	0	0	0	0	0	0	0	1	0	0	0	0	0	0	0	0
CEP290_mut	1	0	0	0	0	0	0	0	0	0	0	0	0	0	0	0	0	1	0	0	0	0	0	0	0
CNOT1_mut	0	0	0	0	0	0	0	0	1	0	0	0	0	0	0	0	0	0	0	0	0	0	0	0	0
CREBBP_mut	0	0	0	0	0	0	0	0	0	0	0	0	0	0	0	0	0	0	0	0	0	0	1	0	0
CTNNB1_mut	0	1	0	0	0	0	0	0	0	0	0	0	0	0	0	0	0	0	0	1	0	0	0	0	0
CYLD_mut	0	0	0	0	0	0	0	0	1	0	0	0	0	0	0	0	0	0	0	0	0	0	1	0	0
EGFR_mut	0	0	0	0	0	0	0	0	0	0	0	0	0	0	0	0	0	0	0	0	0	0	1	0	0
EIF4G1_mut	0	0	0	0	0	0	0	0	0	0	0	0	0	0	0	0	0	0	0	0	0	0	1	0	0
ELF3_mut	0	0	0	0	0	0	0	0	0	0	0	1	0	1	0	0	0	0	0	0	0	0	0	0	0
EP300_mut	0	1	0	0	0	0	0	0	0	0	1	0	0	0	0	0	0	1	0	0	0	0	0	0	0
FAM123B_mut	0	0	0	0	0	0	0	0	0	0	0	0	0	0	1	0	0	0	0	0	0	0	0	0	0
FBXW7_mut	0	0	0	0	0	0	0	0	1	0	0	0	0	0	0	0	0	0	0	0	0	0	1	0	0
FGFR2_mut	1	0	0	0	0	0	0	0	0	0	0	0	0	0	0	0	0	0	0	0	0	0	0	0	0
FOXP1_mut	0	0	0	0	0	0	0	0	0	0	0	0	0	0	0	0	0	1	0	0	0	0	0	0	0
HLA-A_mut	0	0	0	0	0	0	0	0	0	0	0	0	0	0	0	0	0	0	0	0	1	0	0	0	0
KRAS_mut	0	1	0	0	0	0	0	0	0	0	0	0	0	0	0	0	0	0	0	0	0	0	1	0	0
LARP4B_mut	0	0	0	0	0	0	0	0	0	0	0	0	0	0	1	0	0	0	0	0	0	0	1	0	0
MACF1_mut	0	0	0	0	0	0	0	0	0	0	0	0	0	0	0	0	0	1	0	0	0	0	0	0	0
MET_mut	0	0	0	0	0	1	1	0	0	0	0	0	0	0	0	0	0	0	0	0	0	0	0	0	0
MKL1_mut	0	0	0	0	0	0	0	0	1	0	0	0	0	0	0	0	0	0	0	0	0	0	0	0	0
MLH1_mut	0	0	0	0	0	0	0	0	0	0	0	0	0	0	1	0	0	0	0	0	0	0	0	0	0
MYH11_mut	1	0	0	0	0	0	0	0	0	0	0	0	0	0	0	0	0	0	0	0	0	0	1	0	0
MYH9_mut	0	1	0	0	0	0	0	0	0	0	0	0	0	0	0	0	0	0	0	0	0	0	0	0	0
NCOR1_mut	0	0	0	0	0	0	0	0	0	0	0	0	0	0	1	0	0	0	0	0	0	0	0	0	0
NF1_mut	0	0	0	0	1	0	0	0	0	0	1	0	0	0	0	0	0	0	0	0	0	0	0	0	0
NF2_mut	0	0	0	0	0	0	0	0	0	0	0	0	0	0	0	0	0	1	0	0	0	0	0	0	0
NOTCH1_mut	0	0	0	0	0	0	0	0	0	1	0	0	0	0	0	0	0	0	0	0	0	0	0	0	0
NR4A2_mut	0	0	0	0	0	0	0	0	1	0	0	0	0	0	0	0	0	0	0	0	0	0	0	0	0
NSD1_mut	0	0	0	0	0	0	0	0	1	0	0	0	0	0	0	0	0	0	0	0	0	0	0	0	0
PBRM1_mut	0	0	0	0	0	0	0	0	0	0	0	0	0	0	1	0	0	1	0	0	0	0	0	0	0
PIK3CA_mut	0	1	0	0	0	1	0	0	1	0	0	0	0	0	0	0	0	0	0	0	0	0	1	0	0
POLR2B_mut	0	0	0	0	0	0	0	0	0	0	0	0	0	0	1	0	0	0	0	0	0	0	0	0	0
RASA1_mut	0	0	0	0	0	0	0	0	1	0	1	0	0	0	0	0	0	0	0	0	0	0	0	0	0
RB1_mut	0	0	0	0	0	0	0	0	0	0	0	0	0	0	0	0	0	0	0	0	1	0	0	0	0
RBM5_mut	1	0	0	0	0	0	0	0	0	0	0	0	0	0	0	0	0	0	0	0	0	0	0	0	0
RHOA_mut	0	0	0	0	0	0	0	0	0	0	0	0	0	0	0	1	0	0	0	0	0	0	0	0	0
RNF43_mut	1	0	0	0	0	0	0	0	0	0	0	0	0	0	0	0	0	0	0	0	0	0	1	0	0
RUNX1_mut	0	0	0	0	0	0	0	0	0	1	0	0	0	0	0	0	0	0	0	0	0	0	0	0	0
SACS_mut	1	0	0	0	0	0	0	0	0	0	0	0	0	0	0	0	0	0	0	0	0	0	0	0	0
SETD2_mut	1	0	0	0	0	0	0	0	0	0	0	0	0	0	0	0	0	0	0	0	0	0	0	0	0
SMAD4_mut	0	0	0	0	0	0	0	0	0	0	0	0	0	0	1	0	0	0	0	0	0	0	0	0	0
SMARCA4_mut	1	0	0	0	1	0	0	0	0	0	0	0	0	0	0	0	0	0	0	0	0	0	0	0	0
STK11_mut	1	0	0	0	0	0	0	0	0	0	0	0	0	0	0	0	0	0	0	0	0	0	0	0	0
TJP2_mut	0	0	0	0	0	0	0	0	0	0	0	0	0	0	0	0	0	0	1	0	0	0	0	0	0
TP53_mut	0	0	1	1	1	1	1	1	0	0	1	1	1	1	0	1	1	1	0	1	1	1	1	1	0
TP53BP1_mut	1	0	0	0	0	0	0	0	1	0	0	0	0	0	0	0	0	0	0	0	0	0	0	0	0
gain:cnaSTAD2	0	0	0	0	0	0	0	0	0	0	1	0	0	0	0	0	0	0	0	0	0	0	0	0	0
loss:cnaSTAD3	1	0	0	1	0	0	0	0	1	0	0	0	0	1	0	0	0	0	0	1	0	0	1	0	0
loss:cnaSTAD4	0	0	0	0	0	0	0	0	0	0	0	0	0	1	0	0	0	0	0	0	0	0	1	0	0
loss:cnaSTAD5	0	0	0	0	0	0	0	0	0	0	0	1	0	0	0	0	0	0	0	0	0	0	0	0	0
loss:cnaSTAD6	0	0	0	0	0	0	0	0	0	1	0	1	0	0	0	0	0	0	0	0	0	0	0	0	0
loss:cnaSTAD7	0	0	0	0	1	0	0	1	0	0	0	1	0	0	0	0	0	0	0	1	0	0	1	0	0
gain:cnaSTAD8 (CAT)	0	0	0	0	0	0	0	1	0	0	0	0	0	0	0	1	0	0	0	0	0	0	0	0	0
gain:cnaSTAD10	0	0	0	0	0	0	0	0	0	0	1	0	0	0	0	0	0	0	0	0	0	0	0	0	0
loss:cnaSTAD11	0	0	1	0	0	0	1	0	0	0	0	1	0	1	0	0	0	0	0	0	0	0	0	0	0
loss:cnaSTAD12	0	0	0	0	0	1	1	0	0	0	0	1	0	0	1	0	0	0	0	0	0	0	0	0	0
loss:cnaSTAD13	1	1	0	1	0	1	1	0	0	1	1	1	1	0	1	0	0	0	1	0	1	1	0	0	1
loss:cnaSTAD14	0	0	1	0	0	0	0	0	0	0	0	1	0	0	0	0	0	0	0	0	0	0	0	0	0
loss:cnaSTAD16	0	0	0	0	1	1	0	1	0	0	0	1	0	1	0	0	1	0	0	0	1	0	1	1	0
loss:cnaSTAD17 (CDKN2A)	0	0	0	0	1	0	1	1	0	0	0	1	1	0	0	1	0	0	1	0	1	0	0	1	0
loss:cnaSTAD18 (PAX5)	0	0	0	0	0	0	0	0	0	0	0	1	0	0	0	0	0	0	0	0	0	0	0	0	0
loss:cnaSTAD19 (NTRK2)	0	0	0	0	1	0	0	0	0	0	0	1	0	0	0	0	0	0	0	0	0	0	0	0	0
loss:cnaSTAD20	0	0	0	0	1	0	0	0	0	0	0	1	0	0	0	0	0	0	0	0	0	0	0	0	0
gain:cnaSTAD22 (ARID4B)	0	0	0	0	0	0	0	0	0	0	0	0	1	0	0	0	0	0	0	0	0	0	0	0	0
loss:cnaSTAD23	0	0	0	0	0	0	1	0	0	0	0	1	0	0	0	0	0	0	0	0	0	0	0	0	0
gain:cnaSTAD26 (MYC)	0	0	0	1	0	1	0	1	0	0	1	0	1	0	0	1	0	0	0	0	0	1	0	1	0
loss:cnaSTAD27 (MAP2K4)	0	0	1	0	0	0	0	0	0	0	0	1	0	1	0	0	0	0	0	0	0	1	0	0	0
gain:cnaSTAD28 (FOXA2)	0	0	0	0	0	0	0	0	0	1	1	0	1	0	0	0	0	0	0	0	0	0	0	0	0
gain:cnaSTAD29 (STK4)	0	0	0	0	0	0	0	0	0	1	0	0	1	0	0	0	0	0	0	0	1	0	0	0	0
loss:cnaSTAD30	1	0	1	1	0	1	0	0	1	1	0	1	1	0	1	0	0	0	0	0	1	0	0	1	0
gain:cnaSTAD31	0	0	0	1	0	0	0	0	0	0	0	0	0	0	0	0	0	0	0	0	0	0	0	0	0
loss:cnaSTAD32	0	0	0	0	0	0	0	0	0	0	0	0	0	1	0	0	0	0	0	0	0	0	0	0	0
gain:cnaSTAD35 (IL7R)	0	0	0	0	0	0	0	0	0	0	0	0	1	0	0	0	0	0	0	0	0	0	0	0	0
loss:cnaSTAD36	0	0	0	0	0	0	0	0	0	0	0	0	0	0	0	0	0	0	0	0	1	0	0	0	0
loss:cnaSTAD39	0	0	0	0	0	0	0	0	0	0	0	0	0	1	0	0	0	0	0	0	0	0	0	0	0
loss:cnaSTAD40	0	0	0	0	0	0	0	0	0	0	0	0	0	1	0	0	0	0	0	0	0	0	0	0	0
loss:cnaSTAD41	1	1	0	1	0	1	0	0	1	1	1	1	1	1	1	0	0	0	1	1	1	1	1	1	0
loss:cnaSTAD42	0	0	0	0	1	0	1	0	0	0	0	1	0	0	0	0	0	0	0	1	0	0	0	0	0
gain:cnaSTAD43 (EGFR)	0	0	0	0	0	0	0	0	0	1	0	0	0	0	0	0	1	0	0	0	0	0	0	0	0
gain:cnaSTAD44 (AKAP9)	0	0	0	0	0	0	1	0	0	0	0	0	0	0	0	0	1	0	0	0	0	0	0	0	0
gain:cnaSTAD45 (MET)	0	0	0	0	0	0	1	0	0	0	0	1	0	0	0	0	1	0	0	0	0	0	0	0	0
gain:cnaSTAD46	0	0	0	0	0	0	0	1	0	0	0	0	0	0	0	0	0	0	0	0	0	0	0	0	0
loss:cnaSTAD47	0	1	0	0	0	1	0	0	0	1	0	1	1	0	0	0	0	0	1	0	1	0	0	1	1
loss:cnaSTAD48 (FAT1,IRF2)	0	0	0	0	0	1	1	0	1	0	0	1	1	0	1	0	0	1	0	0	0	0	0	1	1
loss:cnaSTAD49 (PTEN)	0	0	0	0	0	1	0	0	0	0	0	0	0	0	0	0	0	0	0	0	0	0	0	1	0
loss:cnaSTAD50	0	0	0	0	0	0	0	0	0	0	0	0	0	0	0	0	0	0	0	0	1	0	0	0	0
loss:cnaSTAD51	0	0	0	0	0	0	0	0	0	0	0	1	0	1	0	0	0	0	0	0	1	0	0	0	0
chr3:194406440-194409045(FAM43A)_HypMET	1	1	1	1	1	1	1	1	1	0	1	1	1	1	1	0	0	0	1	1	1	0	1	0	0
chr19:37157632-37158119(ZNF461)_HypMET	1	1	1	1	0	1	1	1	1	1	1	0	0	1	1	1	1	0	1	1	0	0	0	0	0
chr6:29759946-29760903(HCG4)_HypMET	1	1	0	1	0	1	0	1	1	1	1	1	1	0	1	0	0	1	0	1	0	1	1	0	1
chr5:175792355-175793505(ARL10)_HypMET	1	1	0	0	1	1	1	1	1	1	1	1	1	1	1	0	1	1	1	0	0	1	1	0	0
chr19:51069359-51069600(LRRC4B)_HypMET	0	1	0	0	1	1	1	0	1	1	1	1	1	1	1	1	1	0	1	1	1	1	1	0	0
chr22:20790638-20792665(SCARF2)_HypMET	1	1	0	1	0	0	1	1	1	1	1	1	1	1	1	0	1	1	1	0	1	0	1	0	0
chr8:41507516-41507868(NKX6-3)_HypMET	0	1	0	0	0	1	1	0	0	0	1	1	1	1	0	0	1	0	0	0	0	0	0	0	0
chr1:110230238-110230614(GSTM1)_HypMET	1	0	1	1	0	1	1	1	1	0	1	1	1	1	0	0	1	1	1	1	1	0	1	0	1
chr10:105253191-105254428(NEURL)_HypMET	1	1	0	0	0	1	1	1	0	1	1	1	0	1	1	0	0	1	1	0	0	0	1	0	0
chr6:90142751-90143635(ANKRD6)_HypMET	1	1	0	0	0	1	0	0	0	1	1	0	0	1	1	0	0	0	0	0	0	1	1	0	0
chr19:18118741-18119553(ARRDC2)_HypMET	1	1	1	0	0	1	1	1	1	1	1	1	0	1	1	1	0	1	1	1	0	1	0	0	1
chr6:105627406-105627830(POPDC3)_HypMET	1	1	0	0	0	1	0	0	1	1	1	1	0	1	1	0	0	1	0	1	0	0	1	0	1
chr13:27131568-27132677()_HypMET	1	1	0	0	0	0	0	1	1	1	1	0	1	1	0	0	0	1	1	1	0	1	1	0	1
chr1:16085147-16085862(FBLIM1)_HypMET	1	1	0	1	0	1	1	1	1	0	1	1	1	1	1	0	0	0	1	0	1	0	1	0	1
chr19:58399945-58400276(ZNF814)_HypMET	1	1	1	1	0	1	1	1	1	0	1	1	1	1	1	1	1	0	0	1	1	0	0	0	0
chr22:39853323-39854065(MGAT3)_HypMET	1	1	0	0	1	0	1	1	1	1	1	1	0	1	1	0	0	1	1	1	0	0	1	0	0
chr10:64133789-64134420(ZNF365)_HypMET	1	1	0	0	0	0	0	1	1	1	1	1	0	0	1	0	1	0	1	0	0	0	1	0	0
chr19:58458686-58459219(ZNF256)_HypMET	1	1	1	0	0	1	1	1	1	1	1	0	0	1	1	1	1	0	1	1	0	0	1	0	0
chr3:36985540-36987041(TRANK1)_HypMET	1	1	1	1	0	1	1	1	1	1	1	1	1	1	1	0	0	1	1	0	1	1	1	0	1
chr2:175546862-175547880(WIPF1)_HypMET	1	1	0	1	1	0	1	1	1	1	1	1	1	1	1	0	1	1	1	0	1	1	1	0	0
chr10:11059442-11060524(CUGBP2)_HypMET	0	1	1	1	0	1	1	1	0	1	0	1	1	1	1	1	1	0	1	1	0	1	1	0	1
chr10:44879714-44882391(CXCL12)_HypMET	1	1	0	0	1	1	1	1	1	1	1	1	0	1	1	0	0	0	1	0	0	1	1	0	1
chr1:171810467-171811325(DNM3)_HypMET	1	1	0	0	0	1	1	0	1	1	1	1	0	1	1	1	1	1	1	1	0	0	1	0	1
chr11:75378416-75379882(MAP6)_HypMET	1	1	0	0	0	0	1	0	1	1	1	1	0	1	1	0	1	1	1	0	0	0	1	0	1
chr1:181451311-181452049()_HypMET	1	1	0	0	1	1	1	1	1	1	1	1	1	1	1	1	1	1	1	1	1	1	1	0	0
chr12:39299248-39299629(CPNE8)_HypMET	1	1	1	0	0	1	0	1	1	1	1	1	0	1	1	0	1	0	0	1	0	1	1	0	0
chr1:57110663-57111337(PRKAA2)_HypMET	1	1	0	0	0	0	0	0	1	1	1	0	0	0	1	1	1	0	1	0	0	0	1	0	1
chr17:46655215-46655604(HOXB4)_HypMET	1	1	0	0	1	1	1	1	0	0	1	1	1	1	1	1	1	1	1	1	1	1	1	0	0
chr17:66596072-66597578(FAM20A)_HypMET	1	1	0	0	1	1	1	1	0	1	1	1	1	1	1	0	0	1	0	0	0	0	1	0	1
chr18:10454453-10455268(APCDD1)_HypMET	1	1	0	0	1	0	1	0	0	1	0	0	0	1	1	1	0	0	0	0	0	1	1	0	1
chr19:37957726-37958390(ZNF569)_HypMET	1	1	1	1	0	1	1	1	1	1	1	1	1	1	1	1	1	0	1	1	0	0	1	0	0
chr19:56915356-56915856(ZNF583)_HypMET	1	1	0	0	0	0	0	1	1	1	1	1	1	1	1	1	1	1	1	1	0	1	1	0	0
chr20:47443734-47445181(PREX1)_HypMET	1	1	0	0	1	1	1	0	0	1	1	0	1	1	1	1	1	1	0	0	1	1	1	0	0
chr22:24384134-24384405(GSTT1)_HypMET	0	0	0	1	0	1	0	0	0	1	1	1	0	0	1	1	1	0	1	0	1	0	0	0	0
chr2:29337983-29338909(CLIP4)_HypMET	1	1	1	1	0	1	0	1	1	1	1	1	0	0	1	0	1	1	0	0	1	0	1	0	1
chr3:139258152-139258731(RBP1)_HypMET	1	1	0	1	0	1	1	1	1	1	1	1	1	1	1	0	1	0	0	0	1	1	1	0	0
chr3:56502611-56502815(ERC2)_HypMET	1	1	0	0	0	0	1	0	1	1	1	1	1	1	1	1	1	1	1	1	0	1	1	0	1
chr4:6200912-6202724(JAKMIP1)_HypMET	1	1	0	0	0	1	1	0	1	1	1	1	1	1	1	1	1	1	1	1	0	1	1	0	1
chr5:157002174-157003182(ADAM19)_HypMET	1	1	0	0	0	0	1	1	1	1	1	1	1	1	1	1	1	0	1	1	0	0	1	0	0
chr6:291948-292839(DUSP22)_HypMET	1	1	0	1	1	0	1	1	1	1	1	0	1	1	1	1	0	0	1	1	1	1	1	0	1
chr7:128828333-128829366(SMO)_HypMET	1	1	0	0	0	0	1	1	1	1	1	0	0	1	0	0	0	1	1	0	0	1	1	0	1
chr7:87256958-87258444(RUNDC3B, ABCB1)_HypMET	1	1	0	0	0	1	0	0	1	1	1	1	1	1	1	1	1	1	1	1	0	1	1	0	0
chr8:11058624-11058844(XKR6)_HypMET	1	1	1	1	0	0	1	0	1	0	0	0	1	0	0	1	1	1	0	1	0	1	1	0	0
