	906795	924102	1290722	924104	906696	906828	910568	906864	924151	1240154	924238	1298167	1240178	1240223	930083	930299
BRAF_mut	1	1	0	1	1	0	0	0	1	1	1	0	0	0	0	0
CDKN2A_mut	0	0	0	0	0	0	0	0	1	0	0	0	0	0	0	0
CREBBP_mut	0	0	0	0	0	1	0	0	0	1	0	0	0	0	0	0
EP300_mut	0	0	0	0	0	1	0	0	0	1	0	0	0	0	0	0
KRAS_mut	0	0	0	0	0	1	0	0	0	0	0	0	0	0	0	0
NF1_mut	0	0	0	0	0	0	0	1	0	0	0	0	1	0	0	0
NF2_mut	0	1	0	0	0	1	0	0	0	0	0	0	0	0	0	0
NRAS_mut	0	0	1	0	0	0	0	0	0	0	0	1	0	1	0	0
PIK3CA_mut	0	0	0	0	0	0	0	0	0	0	1	0	0	0	0	0
PTEN_mut	0	0	1	0	0	0	0	1	0	0	0	0	0	0	0	0
SMARCA4_mut	0	0	0	0	0	0	0	0	0	1	0	0	0	0	0	0
TP53_mut	1	1	1	1	1	1	1	1	1	0	0	0	1	1	0	0
loss:cnaTHCA2	0	0	0	0	0	0	0	0	0	0	0	0	1	0	0	0
loss:cnaTHCA3 (FANCG,PAX5)	0	0	0	0	0	0	0	0	0	0	0	0	1	0	0	1
loss:cnaTHCA6	0	0	0	0	0	0	0	0	0	0	0	0	1	0	0	0
gain:cnaTHCA7 (ARID4B,FH)	0	0	0	0	0	0	0	0	0	0	0	1	0	0	0	0
chr9:4984543-4985630(JAK2)_HypMET	0	1	0	0	1	1	0	1	0	1	1	1	0	1	0	0
chr9:123555399-123555899(FBXW2)_HypMET	0	1	1	1	0	1	1	1	1	0	1	1	1	1	1	0
chr4:83933332-83934370(LIN54)_HypMET	0	0	1	0	0	0	0	0	0	0	0	0	0	0	1	0
chr2:136499145-136500144(UBXN4)_HypMET	1	1	0	0	0	1	1	0	0	0	1	1	1	0	1	0
chr7:62858468-62858826(LOC100287834)_HypMET	0	0	0	0	0	1	0	0	0	0	0	0	0	0	0	0
chr3:124449178-124449461(UMPS)_HypMET	0	1	0	1	0	1	0	0	0	0	0	0	0	0	0	0
chr1:110230238-110230614(GSTM1)_HypMET	1	1	1	1	0	1	1	0	1	1	1	1	1	1	1	1
chr11:66247269-66248249(DPP3)_HypMET	0	0	1	1	0	1	1	1	1	0	1	1	1	0	0	1
chr15:30685087-30685891(CHRFAM7A)_HypMET	1	1	1	1	1	1	1	0	1	1	1	1	1	1	1	0
chr1:53904140-53905247(FLJ40434)_HypMET	0	0	0	0	0	0	0	0	0	0	0	0	1	0	0	0
chr17:44656490-44657494(ARL17A)_HypMET	0	1	1	1	1	1	1	1	1	1	1	1	1	1	1	1
chr18:77905297-77905566(LOC100130522)_HypMET	1	0	1	1	1	0	1	1	1	1	0	1	1	0	1	0
chr19:21265164-21265433(ZNF714)_HypMET	0	1	1	1	0	0	0	1	1	0	0	0	0	1	0	0
chr19:48949034-48949442(GRWD1)_HypMET	1	0	1	0	0	1	0	1	0	1	1	0	0	1	0	0
chr22:24384134-24384405(GSTT1)_HypMET	1	1	1	0	0	1	1	1	1	1	0	1	0	0	1	0
chr2:232650898-232651431(COPS7B)_HypMET	0	0	1	1	1	0	0	0	0	0	1	1	1	1	1	0
chr4:129208297-129209780(PGRMC2)_HypMET	0	0	1	0	0	1	1	1	0	1	0	1	1	0	1	1
chr6:150067323-150067766(NUP43)_HypMET	0	0	1	0	0	0	0	0	0	0	0	0	0	0	0	0
chr6:291948-292839(DUSP22)_HypMET	1	1	1	1	1	1	1	0	0	1	0	1	1	1	1	0
chr7:100136448-100136919(AGFG2)_HypMET	0	0	1	1	1	1	1	1	1	0	1	1	1	1	0	0
chr8:116660432-116660747(TRPS1)_HypMET	0	1	1	1	1	1	1	0	1	0	0	1	1	0	0	0
chr9:115875199-115875738(C9orf109, C9orf110)_HypMET	0	1	0	0	0	0	1	0	0	1	0	1	0	1	0	0
